<?xml version="1.0" encoding="UTF-8" standalone="no"?>
<raConfiguration version="9">
  <generalSettings>
    <option key="#Board#" value="board.custom"/>
    <option key="CPU" value="RA8M1"/>
    <option key="Core" value="CM85"/>
    <option key="#TargetName#" value="R7FA8M1AFECFP"/>
    <option key="#TargetARCHITECTURE#" value="cortex-m85"/>
    <option key="#DeviceCommand#" value="R7FA8M1AF"/>
    <option key="#RTOS#" value="_none"/>
    <option key="#pinconfiguration#" value="R7FA8M1AFECFP.pincfg"/>
    <option key="#FSPVersion#" value="5.3.0"/>
    <option key="#SELECTED_TOOLCHAIN#" value="gcc-arm-embedded"/>
    <option key="#ToolchainVersion#" value="12.2.1.arm-12-mpacbti-34"/>
  </generalSettings>
  <raBspConfiguration>
    <config id="config.bsp.ra8m1.R7FA8M1AFECFP">
      <property id="config.bsp.part_number" value="config.bsp.part_number.value"/>
      <property id="config.bsp.rom_size_bytes" value="config.bsp.rom_size_bytes.value"/>
      <property id="config.bsp.rom_size_bytes_hidden" value="1048576"/>
      <property id="config.bsp.ram_size_bytes" value="config.bsp.ram_size_bytes.value"/>
      <property id="config.bsp.data_flash_size_bytes" value="config.bsp.data_flash_size_bytes.value"/>
      <property id="config.bsp.package_style" value="config.bsp.package_style.value"/>
      <property id="config.bsp.package_pins" value="config.bsp.package_pins.value"/>
      <property id="config.bsp.irq_count_hidden" value="96"/>
    </config>
    <config id="config.bsp.ra8m1">
      <property id="config.bsp.series" value="config.bsp.series.value"/>
    </config>
    <config id="config.bsp.ra8m1.fsp">
      <property id="config.bsp.fsp.inline_irq_functions" value="config.bsp.common.inline_irq_functions.enabled"/>
      <property id="config.bsp.fsp.tz.exception_response" value="config.bsp.fsp.tz.exception_response.nmi"/>
      <property id="config.bsp.fsp.tz.cmsis.bfhfnmins" value="config.bsp.fsp.tz.cmsis.bfhfnmins.secure"/>
      <property id="config.bsp.fsp.tz.cmsis.sysresetreqs" value="config.bsp.fsp.tz.cmsis.sysresetreqs.secure_only"/>
      <property id="config.bsp.fsp.tz.cmsis.s_priority_boost" value="config.bsp.fsp.tz.cmsis.s_priority_boost.disabled"/>
      <property id="config.bsp.fsp.tz.rstsar" value="config.bsp.fsp.tz.rstsar.both"/>
      <property id="config.bsp.fsp.tz.bbfsar" value="config.bsp.fsp.tz.bbfsar.both"/>
      <property id="config.bsp.fsp.tz.sramsar.sramsa0" value="config.bsp.fsp.tz.sramsar.sramsa0.both"/>
      <property id="config.bsp.fsp.tz.sramsar.sramsa1" value="config.bsp.fsp.tz.sramsar.sramsa1.both"/>
      <property id="config.bsp.fsp.tz.sramsar.stbramsa" value="config.bsp.fsp.tz.sramsar.stbramsa.both"/>
      <property id="config.bsp.fsp.tz.bussara" value="config.bsp.fsp.tz.bussara.both"/>
      <property id="config.bsp.fsp.tz.bussarb" value="config.bsp.fsp.tz.bussarb.both"/>
      <property id="config.bsp.fsp.tz.bussarc" value="config.bsp.fsp.tz.bussarc.both"/>
      <property id="config.bsp.fsp.tz.banksel_sel" value="config.bsp.fsp.tz.banksel_sel.both"/>
      <property id="config.bsp.fsp.tz.uninitialized_ns_application_fallback" value="config.bsp.fsp.tz.uninitialized_ns_application_fallback.enabled"/>
      <property id="config.bsp.fsp.OFS0.iwdt_start_mode" value="config.bsp.fsp.OFS0.iwdt_start_mode.disabled"/>
      <property id="config.bsp.fsp.OFS0.iwdt_timeout" value="config.bsp.fsp.OFS0.iwdt_timeout.2048"/>
      <property id="config.bsp.fsp.OFS0.iwdt_divisor" value="config.bsp.fsp.OFS0.iwdt_divisor.128"/>
      <property id="config.bsp.fsp.OFS0.iwdt_window_end" value="config.bsp.fsp.OFS0.iwdt_window_end.0"/>
      <property id="config.bsp.fsp.OFS0.iwdt_window_start" value="config.bsp.fsp.OFS0.iwdt_window_start.100"/>
      <property id="config.bsp.fsp.OFS0.iwdt_reset_interrupt" value="config.bsp.fsp.OFS0.iwdt_reset_interrupt.Reset"/>
      <property id="config.bsp.fsp.OFS0.iwdt_stop_control" value="config.bsp.fsp.OFS0.iwdt_stop_control.stops"/>
      <property id="config.bsp.fsp.OFS0.wdt_start_mode" value="config.bsp.fsp.OFS0.wdt_start_mode.register"/>
      <property id="config.bsp.fsp.OFS0.wdt_timeout" value="config.bsp.fsp.OFS0.wdt_timeout.16384"/>
      <property id="config.bsp.fsp.OFS0.wdt_divisor" value="config.bsp.fsp.OFS0.wdt_divisor.128"/>
      <property id="config.bsp.fsp.OFS0.wdt_window_end" value="config.bsp.fsp.OFS0.wdt_window_end.0"/>
      <property id="config.bsp.fsp.OFS0.wdt_window_start" value="config.bsp.fsp.OFS0.wdt_window_start.100"/>
      <property id="config.bsp.fsp.OFS0.wdt_reset_interrupt" value="config.bsp.fsp.OFS0.wdt_reset_interrupt.Reset"/>
      <property id="config.bsp.fsp.OFS0.wdt_stop_control" value="config.bsp.fsp.OFS0.wdt_stop_control.stops"/>
      <property id="config.bsp.fsp.OFS1_SEL.voltage_detection0_level" value="config.bsp.fsp.OFS1_SEL.voltage_detection0_level.secure"/>
      <property id="config.bsp.fsp.OFS1_SEL.voltage_detection0.start" value="config.bsp.fsp.OFS1_SEL.voltage_detection0.start.secure"/>
      <property id="config.bsp.fsp.OFS1_SEL.voltage_detection0.low_power_consumption" value="config.bsp.fsp.OFS1_SEL.voltage_detection0.low_power_consumption.secure"/>
      <property id="config.bsp.fsp.OFS1_SEL.swdbg" value="config.bsp.fsp.OFS1_SEL.swdbg.secure"/>
      <property id="config.bsp.fsp.OFS1_SEL.initeccen" value="config.bsp.fsp.OFS1_SEL.initeccen.secure"/>
      <property id="config.bsp.fsp.OFS1.voltage_detection0.start" value="config.bsp.fsp.OFS1.voltage_detection0.start.disabled"/>
      <property id="config.bsp.fsp.OFS1.voltage_detection0_level" value="config.bsp.fsp.OFS1.voltage_detection0_level.160"/>
      <property id="config.bsp.fsp.OFS1.voltage_detection0.low_power_consumption" value="config.bsp.fsp.OFS1.voltage_detection0.low_power_consumption.disabled"/>
      <property id="config.bsp.fsp.OFS1.hoco_osc" value="config.bsp.fsp.OFS1.hoco_osc.disabled"/>
      <property id="config.bsp.fsp.OFS1.swdbg" value="config.bsp.fsp.OFS1.swdbg.disabled"/>
      <property id="config.bsp.fsp.OFS1.initeccen" value="config.bsp.fsp.OFS1.initeccen.disabled"/>
      <property id="config.bsp.fsp.OFS2.dcdc" value="config.bsp.fsp.OFS2.dcdc.enabled"/>
      <property id="config.bsp.fsp.BPS.BPS0" value=""/>
      <property id="config.bsp.fsp.BPS.BPS1" value=""/>
      <property id="config.bsp.fsp.BPS.BPS2" value=""/>
      <property id="config.bsp.fsp.BPS.BPS3" value=""/>
      <property id="config.bsp.fsp.PBPS.PBPS0" value=""/>
      <property id="config.bsp.fsp.PBPS.PBPS1" value=""/>
      <property id="config.bsp.fsp.PBPS.PBPS2" value=""/>
      <property id="config.bsp.fsp.PBPS.PBPS3" value=""/>
      <property id="config.bsp.fsp.dual_bank" value="config.bsp.fsp.dual_bank.disabled"/>
      <property id="config.bsp.fsp.FSBLCTRL0.FSBLEN" value="config.bsp.fsp.FSBLCTRL0.FSBLEN.disabled"/>
      <property id="config.bsp.fsp.FSBLCTRL0.FSBLSKIPSW" value="config.bsp.fsp.FSBLCTRL0.FSBLSKIPSW.disabled"/>
      <property id="config.bsp.fsp.FSBLCTRL0.FSBLSKIPDS" value="config.bsp.fsp.FSBLCTRL0.FSBLSKIPDS.disabled"/>
      <property id="config.bsp.fsp.FSBLCTRL0.FSBLCLK" value="config.bsp.fsp.FSBLCTRL0.FSBLCLK.240"/>
      <property id="config.bsp.fsp.FSBLCTRL1.FSBLEXMD" value="config.bsp.fsp.FSBLCTRL1.FSBLEXMD.secure_report"/>
      <property id="config.bsp.fsp.FSBLCTRL2.PORTPN" value="config.bsp.fsp.FSBLCTRL2.PORTPN.15"/>
      <property id="config.bsp.fsp.FSBLCTRL2.PORTGN" value="config.bsp.fsp.FSBLCTRL2.PORTGN.reserved"/>
      <property id="config.bsp.fsp.SACC0" value="0xFFFFFFFF"/>
      <property id="config.bsp.fsp.SACC1" value="0xFFFFFFFF"/>
      <property id="config.bsp.fsp.SAMR" value="0xFFFFFFFF"/>
      <property id="config.bsp.fsp.hoco_fll" value="config.bsp.fsp.hoco_fll.disabled"/>
      <property id="config.bsp.fsp.clock_settling_delay" value="config.bsp.fsp.clock_settling_delay.enabled"/>
      <property id="config.bsp.fsp.sleep_mode_delays" value="config.bsp.fsp.sleep_mode_delays.enabled"/>
      <property id="config.bsp.fsp.rtos_idle_sleep" value="config.bsp.fsp.rtos_idle_sleep.disabled"/>
      <property id="config.bsp.fsp.mstp_change_delays" value="config.bsp.fsp.mstp_change_delays.enabled"/>
      <property id="config.bsp.fsp.settling_delay_us" value="150"/>
      <property id="config.bsp.common.main_osc_wait" value="config.bsp.common.main_osc_wait.wait_8163"/>
      <property id="config.bsp.fsp.mcu.adc.max_freq_hz" value="60000000"/>
      <property id="config.bsp.fsp.mcu.sci_b_uart.max_baud" value="30000000"/>
      <property id="config.bsp.fsp.mcu.sci_b_uart.ctspen_channels" value="0x021F"/>
      <property id="config.bsp.fsp.mcu.adc.sample_and_hold" value="1"/>
      <property id="config.bsp.fsp.mcu.sci_spi.max_bitrate" value="30000000"/>
      <property id="config.bsp.fsp.mcu.spi.max_bitrate" value="60000000"/>
      <property id="config.bsp.fsp.mcu.iic_master.rate.rate_fastplus" value="1"/>
      <property id="config.bsp.fsp.mcu.iic_master.fastplus_channels" value="0x3"/>
      <property id="config.bsp.fsp.mcu.iic_slave.rate.rate_fastplus" value="1"/>
      <property id="config.bsp.fsp.mcu.iic_slave.fastplus_channels" value="0x3"/>
      <property id="config.bsp.fsp.mcu.gpt.pin_count_source_channels" value="0xFF0F"/>
      <property id="config.bsp.fsp.mcu.canfd.num_channels" value="2"/>
      <property id="config.bsp.fsp.mcu.canfd.rx_fifos" value="2"/>
      <property id="config.bsp.fsp.mcu.canfd.buffer_ram" value="1216"/>
      <property id="config.bsp.fsp.mcu.canfd.afl_rules" value="32"/>
      <property id="config.bsp.fsp.mcu.canfd.afl_rules_each_chnl" value="16"/>
      <property id="config.bsp.fsp.mcu.canfd.max_data_rate_hz" value="8"/>
      <property id="config.bsp.fsp.mcu.adc_dmac.samples_per_channel" value="32767"/>
      <property id="config.bsp.fsp.mcu.sci_b_lin.max_baud" value="7500000"/>
      <property id="config.bsp.fsp.dcache" value="config.bsp.fsp.dcache.disabled"/>
    </config>
    <config id="config.bsp.ra">
      <property id="config.bsp.common.main" value="0x400"/>
      <property id="config.bsp.common.heap" value="0"/>
      <property id="config.bsp.common.vcc" value="3300"/>
      <property id="config.bsp.common.checking" value="config.bsp.common.checking.disabled"/>
      <property id="config.bsp.common.assert" value="config.bsp.common.assert.none"/>
      <property id="config.bsp.common.error_log" value="config.bsp.common.error_log.none"/>
      <property id="config.bsp.common.soft_reset" value="config.bsp.common.soft_reset.disabled"/>
      <property id="config.bsp.common.main_osc_populated" value="config.bsp.common.main_osc_populated.enabled"/>
      <property id="config.bsp.common.pfs_protect" value="config.bsp.common.pfs_protect.enabled"/>
      <property id="config.bsp.common.c_runtime_init" value="config.bsp.common.c_runtime_init.enabled"/>
      <property id="config.bsp.common.early_init" value="config.bsp.common.early_init.disabled"/>
      <property id="config.bsp.common.main_osc_clock_source" value="config.bsp.common.main_osc_clock_source.crystal"/>
      <property id="config.bsp.common.subclock_populated" value="config.bsp.common.subclock_populated.disabled"/>
      <property id="config.bsp.common.subclock_drive" value="config.bsp.common.subclock_drive.standard"/>
      <property id="config.bsp.common.subclock_stabilization_ms" value="1000"/>
    </config>
  </raBspConfiguration>
  <raClockConfiguration>
    <node id="board.clock.xtal.freq" mul="20000000" option="_edit"/>
    <node id="board.clock.hoco.freq" option="board.clock.hoco.freq.48m"/>
    <node id="board.clock.loco.freq" option="board.clock.loco.freq.32768"/>
    <node id="board.clock.moco.freq" option="board.clock.moco.freq.8m"/>
    <node id="board.clock.subclk.freq" option="board.clock.subclk.freq.32768"/>
    <node id="board.clock.pll.source" option="board.clock.pll.source.xtal"/>
    <node id="board.clock.pll.div" option="board.clock.pll.div.2"/>
    <node id="board.clock.pll.mul" option="board.clock.pll.mul.96_00"/>
    <node id="board.clock.pll.display" option="board.clock.pll.display.value"/>
    <node id="board.clock.pll1p.div" option="board.clock.pll1p.div.2"/>
    <node id="board.clock.pll1p.display" option="board.clock.pll1p.display.value"/>
    <node id="board.clock.pll1q.div" option="board.clock.pll1q.div.2"/>
    <node id="board.clock.pll1q.display" option="board.clock.pll1q.display.value"/>
    <node id="board.clock.pll1r.div" option="board.clock.pll1r.div.2"/>
    <node id="board.clock.pll1r.display" option="board.clock.pll1r.display.value"/>
    <node id="board.clock.pll2.source" option="board.clock.pll2.source.disabled"/>
    <node id="board.clock.pll2.div" option="board.clock.pll2.div.2"/>
    <node id="board.clock.pll2.mul" option="board.clock.pll2.mul.96_00"/>
    <node id="board.clock.pll2.display" option="board.clock.pll2.display.value"/>
    <node id="board.clock.pll2p.div" option="board.clock.pll2p.div.2"/>
    <node id="board.clock.pll2p.display" option="board.clock.pll2p.display.value"/>
    <node id="board.clock.pll2q.div" option="board.clock.pll2q.div.2"/>
    <node id="board.clock.pll2q.display" option="board.clock.pll2q.display.value"/>
    <node id="board.clock.pll2r.div" option="board.clock.pll2r.div.2"/>
    <node id="board.clock.pll2r.display" option="board.clock.pll2r.display.value"/>
    <node id="board.clock.clock.source" option="board.clock.clock.source.pll1p"/>
    <node id="board.clock.clkout.source" option="board.clock.clkout.source.disabled"/>
    <node id="board.clock.sciclk.source" option="board.clock.sciclk.source.disabled"/>
    <node id="board.clock.spiclk.source" option="board.clock.spiclk.source.disabled"/>
    <node id="board.clock.canfdclk.source" option="board.clock.canfdclk.source.disabled"/>
    <node id="board.clock.i3cclk.source" option="board.clock.i3cclk.source.disabled"/>
    <node id="board.clock.uck.source" option="board.clock.uck.source.disabled"/>
    <node id="board.clock.u60ck.source" option="board.clock.u60ck.source.disabled"/>
    <node id="board.clock.octaspiclk.source" option="board.clock.octaspiclk.source.disabled"/>
    <node id="board.clock.cpuclk.div" option="board.clock.cpuclk.div.2"/>
    <node id="board.clock.iclk.div" option="board.clock.iclk.div.2"/>
    <node id="board.clock.pclka.div" option="board.clock.pclka.div.4"/>
    <node id="board.clock.pclkb.div" option="board.clock.pclkb.div.8"/>
    <node id="board.clock.pclkc.div" option="board.clock.pclkc.div.8"/>
    <node id="board.clock.pclkd.div" option="board.clock.pclkd.div.4"/>
    <node id="board.clock.pclke.div" option="board.clock.pclke.div.2"/>
    <node id="board.clock.sdclkout.enable" option="board.clock.sdclkout.enable.enabled"/>
    <node id="board.clock.bclk.div" option="board.clock.bclk.div.4"/>
    <node id="board.clock.bclkout.div" option="board.clock.bclkout.div.2"/>
    <node id="board.clock.fclk.div" option="board.clock.fclk.div.8"/>
    <node id="board.clock.clkout.div" option="board.clock.clkout.div.1"/>
    <node id="board.clock.sciclk.div" option="board.clock.sciclk.div.4"/>
    <node id="board.clock.spiclk.div" option="board.clock.spiclk.div.4"/>
    <node id="board.clock.canfdclk.div" option="board.clock.canfdclk.div.8"/>
    <node id="board.clock.i3cclk.div" option="board.clock.i3cclk.div.3"/>
    <node id="board.clock.uck.div" option="board.clock.uck.div.5"/>
    <node id="board.clock.u60ck.div" option="board.clock.u60ck.div.5"/>
    <node id="board.clock.octaspiclk.div" option="board.clock.octaspiclk.div.4"/>
    <node id="board.clock.cpuclk.display" option="board.clock.cpuclk.display.value"/>
    <node id="board.clock.iclk.display" option="board.clock.iclk.display.value"/>
    <node id="board.clock.pclka.display" option="board.clock.pclka.display.value"/>
    <node id="board.clock.pclkb.display" option="board.clock.pclkb.display.value"/>
    <node id="board.clock.pclkc.display" option="board.clock.pclkc.display.value"/>
    <node id="board.clock.pclkd.display" option="board.clock.pclkd.display.value"/>
    <node id="board.clock.pclke.display" option="board.clock.pclke.display.value"/>
    <node id="board.clock.sdclkout.display" option="board.clock.sdclkout.display.value"/>
    <node id="board.clock.bclk.display" option="board.clock.bclk.display.value"/>
    <node id="board.clock.bclkout.display" option="board.clock.bclkout.display.value"/>
    <node id="board.clock.fclk.display" option="board.clock.fclk.display.value"/>
    <node id="board.clock.clkout.display" option="board.clock.clkout.display.value"/>
    <node id="board.clock.sciclk.display" option="board.clock.sciclk.display.value"/>
    <node id="board.clock.spiclk.display" option="board.clock.spiclk.display.value"/>
    <node id="board.clock.canfdclk.display" option="board.clock.canfdclk.display.value"/>
    <node id="board.clock.i3cclk.display" option="board.clock.i3cclk.display.value"/>
    <node id="board.clock.uck.display" option="board.clock.uck.display.value"/>
    <node id="board.clock.u60ck.display" option="board.clock.u60ck.display.value"/>
    <node id="board.clock.octaspiclk.display" option="board.clock.octaspiclk.display.value"/>
  </raClockConfiguration>
  <raComponentSelection>
    <component apiversion="" class="Common" condition="" group="all" subgroup="fsp_common" variant="" vendor="Renesas" version="5.3.0">
      <description>Board Support Package Common Files</description>
      <originalPack>Renesas.RA.5.3.0.pack</originalPack>
    </component>
    <component apiversion="" class="HAL Drivers" condition="" group="all" subgroup="r_ioport" variant="" vendor="Renesas" version="5.3.0">
      <description>I/O Port</description>
      <originalPack>Renesas.RA.5.3.0.pack</originalPack>
    </component>
    <component apiversion="" class="CMSIS" condition="" group="CMSIS5" subgroup="CoreM" variant="" vendor="Arm" version="5.9.0+renesas.1.fsp.5.3.0">
      <description>Arm CMSIS Version 5 - Core (M)</description>
      <originalPack>Arm.CMSIS5.5.9.0+renesas.1.fsp.5.3.0.pack</originalPack>
    </component>
    <component apiversion="" class="BSP" condition="" group="ra8m1" subgroup="device" variant="R7FA8M1AFECFP" vendor="Renesas" version="5.3.0">
      <description>Board support package for R7FA8M1AFECFP</description>
      <originalPack>Renesas.RA_mcu_ra8m1.5.3.0.pack</originalPack>
    </component>
    <component apiversion="" class="BSP" condition="" group="ra8m1" subgroup="device" variant="" vendor="Renesas" version="5.3.0">
      <description>Board support package for RA8M1</description>
      <originalPack>Renesas.RA_mcu_ra8m1.5.3.0.pack</originalPack>
    </component>
    <component apiversion="" class="BSP" condition="" group="ra8m1" subgroup="fsp" variant="" vendor="Renesas" version="5.3.0">
      <description>Board support package for RA8M1 - FSP Data</description>
      <originalPack>Renesas.RA_mcu_ra8m1.5.3.0.pack</originalPack>
    </component>
    <component apiversion="" class="BSP" condition="" group="ra8m1" subgroup="events" variant="" vendor="Renesas" version="5.3.0">
      <description>Board support package for RA8M1 - Events</description>
      <originalPack>Renesas.RA_mcu_ra8m1.5.3.0.pack</originalPack>
    </component>
    <component apiversion="" class="BSP" condition="" group="Board" subgroup="custom" variant="" vendor="Renesas" version="5.3.0">
      <description>Custom Board Support Files</description>
      <originalPack>Renesas.RA_board_custom.5.3.0.pack</originalPack>
    </component>
    <component apiversion="" class="HAL Drivers" condition="" group="all" subgroup="r_iic_master" variant="" vendor="Renesas" version="5.3.0">
      <description>I2C Master Interface</description>
      <originalPack>Renesas.RA.5.3.0.pack</originalPack>
    </component>
  </raComponentSelection>
  <raElcConfiguration/>
  <raIcuConfiguration/>
  <raModuleConfiguration>
    <module id="module.driver.ioport_on_ioport.0">
      <property id="module.driver.ioport.name" value="g_ioport"/>
      <property id="module.driver.ioport.elc_trigger_ioport1" value="_disabled"/>
      <property id="module.driver.ioport.elc_trigger_ioport2" value="_disabled"/>
      <property id="module.driver.ioport.elc_trigger_ioport3" value="_disabled"/>
      <property id="module.driver.ioport.elc_trigger_ioport4" value="_disabled"/>
      <property id="module.driver.ioport.pincfg" value="g_bsp_pin_cfg"/>
    </module>
    <module id="module.driver.i2c_on_iic_master.1798009187">
      <property id="module.driver.i2c_master.name" value="g_i2c_master0"/>
      <property id="module.driver.i2c_master.channel" value="1"/>
      <property id="module.driver.i2c_master.rate" value="module.driver.i2c_master.rate.rate_standard"/>
      <property id="module.driver.i2c_master.rise_time_ns" value="120"/>
      <property id="module.driver.i2c_master.fall_time_ns" value="120"/>
      <property id="module.driver.i2c_master.duty" value="50"/>
      <property id="module.driver.i2c_master.slave" value="0x00"/>
      <property id="module.driver.i2c_master.addr_mode" value="module.driver.i2c_master.addr_mode.addr_mode_7bit"/>
      <property id="module.driver.i2c_master.timeout_mode" value="module.driver.i2c_master.timeout_mode.short_mode"/>
      <property id="module.driver.i2c_master.timeout_scl_low" value="module.driver.i2c_master.timeout_scl_low.enabled"/>
      <property id="module.driver.i2c_master.p_callback" value="i2c_master_callback"/>
      <property id="module.driver.i2c_master.ipl" value="board.icu.common.irq.priority12"/>
    </module>
    <context id="_hal.0">
      <stack module="module.driver.ioport_on_ioport.0"/>
      <stack module="module.driver.i2c_on_iic_master.1798009187"/>
    </context>
    <config id="config.driver.iic_master">
      <property id="config.driver.iic_master.param_checking_enable" value="config.driver.iic_master.param_checking_enable.bsp"/>
      <property id="config.driver.iic_master.dtc_enable" value="config.driver.iic_master.dtc_enable.disabled"/>
      <property id="config.driver.iic_master.addr_mode_10_bit_enable" value="config.driver.iic_master.addr_mode_10_bit_enable.disabled"/>
    </config>
    <config id="config.driver.ioport">
      <property id="config.driver.ioport.checking" value="config.driver.ioport.checking.system"/>
    </config>
  </raModuleConfiguration>
  <raPinConfiguration>
    <pincfg active="true" name="R7FA8M1AFECFP.pincfg_1" selected="true" symbol="g_bsp_pin_cfg">
      <configSetting altId="adc0.an000.p004" configurationId="adc0.an000"/>
      <configSetting altId="adc0.an001.p005" configurationId="adc0.an001"/>
      <configSetting altId="adc0.an002.p006" configurationId="adc0.an002"/>
      <configSetting altId="adc0.an004.p007" configurationId="adc0.an004"/>
      <configSetting altId="adc0.an007.p014" configurationId="adc0.an007"/>
      <configSetting altId="adc0.an008.p008" configurationId="adc0.an008"/>
      <configSetting altId="adc0.mode.custom.free" configurationId="adc0.mode"/>
      <configSetting altId="ceu.mode.custom.free" configurationId="ceu.mode"/>
      <configSetting altId="cgc.extal.p212" configurationId="cgc.extal"/>
      <configSetting altId="cgc.mode.custom.free" configurationId="cgc.mode"/>
      <configSetting altId="cgc.xtal.p213" configurationId="cgc.xtal"/>
      <configSetting altId="iic1.mode.enabled.b" configurationId="iic1.mode"/>
      <configSetting altId="iic1.scl1.p205" configurationId="iic1.scl1"/>
      <configSetting altId="iic1.sda1.p206" configurationId="iic1.sda1"/>
      <configSetting altId="jtag_fslash_swd.mode.jtag.free" configurationId="jtag_fslash_swd.mode"/>
      <configSetting altId="jtag_fslash_swd.tck.p211" configurationId="jtag_fslash_swd.tck"/>
      <configSetting altId="jtag_fslash_swd.tdi.p208" configurationId="jtag_fslash_swd.tdi"/>
      <configSetting altId="jtag_fslash_swd.tdo.p209" configurationId="jtag_fslash_swd.tdo"/>
      <configSetting altId="jtag_fslash_swd.tms.p210" configurationId="jtag_fslash_swd.tms"/>
      <configSetting altId="ospi.mode.custom.free" configurationId="ospi.mode"/>
      <configSetting altId="ospi.om_cs1.p104" configurationId="ospi.om_cs1"/>
      <configSetting altId="ospi.om_sclk.p808" configurationId="ospi.om_sclk"/>
      <configSetting altId="ospi.om_sio0.p100" configurationId="ospi.om_sio0"/>
      <configSetting altId="ospi.om_sio1.p803" configurationId="ospi.om_sio1"/>
      <configSetting altId="ospi.om_sio2.p103" configurationId="ospi.om_sio2"/>
      <configSetting altId="ospi.om_sio3.p101" configurationId="ospi.om_sio3"/>
      <configSetting altId="p000.output.low" configurationId="p000"/>
      <configSetting altId="p000.gpio_mode.gpio_mode_out.low" configurationId="p000.gpio_mode"/>
      <configSetting altId="p004.adc0.an000" configurationId="p004"/>
      <configSetting altId="p004.gpio_mode.gpio_mode_an" configurationId="p004.gpio_mode"/>
      <configSetting altId="p005.adc0.an001" configurationId="p005"/>
      <configSetting altId="p005.gpio_mode.gpio_mode_an" configurationId="p005.gpio_mode"/>
      <configSetting altId="p006.adc0.an002" configurationId="p006"/>
      <configSetting altId="p006.gpio_mode.gpio_mode_an" configurationId="p006.gpio_mode"/>
      <configSetting altId="p007.adc0.an004" configurationId="p007"/>
      <configSetting altId="p007.gpio_mode.gpio_mode_an" configurationId="p007.gpio_mode"/>
      <configSetting altId="p008.adc0.an008" configurationId="p008"/>
      <configSetting altId="p008.gpio_mode.gpio_mode_an" configurationId="p008.gpio_mode"/>
      <configSetting altId="p014.adc0.an007" configurationId="p014"/>
      <configSetting altId="p014.gpio_mode.gpio_mode_an" configurationId="p014.gpio_mode"/>
      <configSetting altId="p100.ospi.om_sio0" configurationId="p100"/>
      <configSetting altId="p100.gpio_speed.gpio_speed_hh" configurationId="p100.gpio_drivecapacity"/>
      <configSetting altId="p100.gpio_mode.gpio_mode_peripheral" configurationId="p100.gpio_mode"/>
      <configSetting altId="p101.ospi.om_sio3" configurationId="p101"/>
      <configSetting altId="p101.gpio_speed.gpio_speed_hh" configurationId="p101.gpio_drivecapacity"/>
      <configSetting altId="p101.gpio_mode.gpio_mode_peripheral" configurationId="p101.gpio_mode"/>
      <configSetting altId="p103.ospi.om_sio2" configurationId="p103"/>
      <configSetting altId="p103.gpio_speed.gpio_speed_hh" configurationId="p103.gpio_drivecapacity"/>
      <configSetting altId="p103.gpio_mode.gpio_mode_peripheral" configurationId="p103.gpio_mode"/>
      <configSetting altId="p104.ospi.om_cs1" configurationId="p104"/>
      <configSetting altId="p104.gpio_speed.gpio_speed_h" configurationId="p104.gpio_drivecapacity"/>
      <configSetting altId="p104.gpio_mode.gpio_mode_peripheral" configurationId="p104.gpio_mode"/>
      <configSetting altId="p112.output.low" configurationId="p112"/>
      <configSetting altId="p112.gpio_mode.gpio_mode_out.low" configurationId="p112.gpio_mode"/>
      <configSetting altId="p113.output.low" configurationId="p113"/>
      <configSetting altId="p113.gpio_mode.gpio_mode_out.low" configurationId="p113.gpio_mode"/>
      <configSetting altId="p114.output.low" configurationId="p114"/>
      <configSetting altId="p114.gpio_mode.gpio_mode_out.low" configurationId="p114.gpio_mode"/>
      <configSetting altId="p115.output.high" configurationId="p115"/>
      <configSetting altId="p115.gpio_mode.gpio_mode_out.high" configurationId="p115.gpio_mode"/>
      <configSetting altId="p201.system.md" configurationId="p201"/>
      <configSetting altId="p201.gpio_mode.gpio_mode_peripheral" configurationId="p201.gpio_mode"/>
      <configSetting altId="p205.iic1.scl1" configurationId="p205"/>
      <configSetting altId="p205.gpio_speed.gpio_speed_m" configurationId="p205.gpio_drivecapacity"/>
      <configSetting altId="p205.gpio_mode.gpio_mode_peripheral" configurationId="p205.gpio_mode"/>
      <configSetting altId="p206.iic1.sda1" configurationId="p206"/>
      <configSetting altId="p206.gpio_speed.gpio_speed_m" configurationId="p206.gpio_drivecapacity"/>
      <configSetting altId="p206.gpio_mode.gpio_mode_peripheral" configurationId="p206.gpio_mode"/>
      <configSetting altId="p208.jtag_fslash_swd.tdi" configurationId="p208"/>
      <configSetting altId="p208.gpio_mode.gpio_mode_peripheral" configurationId="p208.gpio_mode"/>
      <configSetting altId="p209.jtag_fslash_swd.tdo" configurationId="p209"/>
      <configSetting altId="p209.gpio_mode.gpio_mode_peripheral" configurationId="p209.gpio_mode"/>
      <configSetting altId="p210.jtag_fslash_swd.tms" configurationId="p210"/>
      <configSetting altId="p210.gpio_mode.gpio_mode_peripheral" configurationId="p210.gpio_mode"/>
      <configSetting altId="p211.jtag_fslash_swd.tck" configurationId="p211"/>
      <configSetting altId="p211.gpio_mode.gpio_mode_peripheral" configurationId="p211.gpio_mode"/>
      <configSetting altId="p212.cgc.extal" configurationId="p212"/>
      <configSetting altId="p212.gpio_mode.gpio_mode_peripheral" configurationId="p212.gpio_mode"/>
      <configSetting altId="p213.cgc.xtal" configurationId="p213"/>
      <configSetting altId="p213.gpio_mode.gpio_mode_peripheral" configurationId="p213.gpio_mode"/>
      <configSetting altId="p407.output.low" configurationId="p407"/>
      <configSetting altId="p407.gpio_mode.gpio_mode_out.low" configurationId="p407.gpio_mode"/>
      <configSetting altId="p408.sci3.rxd3" configurationId="p408"/>
      <configSetting altId="p408.gpio_mode.gpio_mode_peripheral" configurationId="p408.gpio_mode"/>
      <configSetting altId="p409.sci3.txd3" configurationId="p409"/>
      <configSetting altId="p409.gpio_mode.gpio_mode_peripheral" configurationId="p409.gpio_mode"/>
      <configSetting altId="p410.sci3.sck3" configurationId="p410"/>
      <configSetting altId="p410.gpio_mode.gpio_mode_peripheral" configurationId="p410.gpio_mode"/>
      <configSetting altId="p414.output.low" configurationId="p414"/>
      <configSetting altId="p414.gpio_mode.gpio_mode_out.low" configurationId="p414.gpio_mode"/>
      <configSetting altId="p415.output.low" configurationId="p415"/>
      <configSetting altId="p415.gpio_mode.gpio_mode_out.low" configurationId="p415.gpio_mode"/>
      <configSetting altId="p801.sci2.txd2" configurationId="p801"/>
      <configSetting altId="p801.gpio_mode.gpio_mode_peripheral" configurationId="p801.gpio_mode"/>
      <configSetting altId="p802.sci2.rxd2" configurationId="p802"/>
      <configSetting altId="p802.gpio_mode.gpio_mode_peripheral" configurationId="p802.gpio_mode"/>
      <configSetting altId="p803.ospi.om_sio1" configurationId="p803"/>
      <configSetting altId="p803.gpio_speed.gpio_speed_hh" configurationId="p803.gpio_drivecapacity"/>
      <configSetting altId="p803.gpio_mode.gpio_mode_peripheral" configurationId="p803.gpio_mode"/>
      <configSetting altId="p808.ospi.om_sclk" configurationId="p808"/>
      <configSetting altId="p808.gpio_speed.gpio_speed_hh" configurationId="p808.gpio_drivecapacity"/>
      <configSetting altId="p808.gpio_mode.gpio_mode_peripheral" configurationId="p808.gpio_mode"/>
      <configSetting altId="p814.usbfs.usb_dp" configurationId="p814"/>
      <configSetting altId="p814.gpio_mode.gpio_mode_peripheral" configurationId="p814.gpio_mode"/>
      <configSetting altId="p815.usbfs.usb_dm" configurationId="p815"/>
      <configSetting altId="p815.gpio_mode.gpio_mode_peripheral" configurationId="p815.gpio_mode"/>
      <configSetting altId="sci2.mode.asynchronousuart.free" configurationId="sci2.mode"/>
      <configSetting altId="sci2.rxd2.p802" configurationId="sci2.rxd2"/>
      <configSetting altId="sci2.txd2.p801" configurationId="sci2.txd2"/>
      <configSetting altId="sci3.mode.simplespi.free" configurationId="sci3.mode"/>
      <configSetting altId="sci3.rxd3.p408" configurationId="sci3.rxd3"/>
      <configSetting altId="sci3.sck3.p410" configurationId="sci3.sck3"/>
      <configSetting altId="sci3.txd3.p409" configurationId="sci3.txd3"/>
      <configSetting altId="system.md.p201" configurationId="system.md"/>
      <configSetting altId="system.mode.custom.free" configurationId="system.mode"/>
      <configSetting altId="usbfs.mode.custom.free" configurationId="usbfs.mode"/>
      <configSetting altId="usbfs.usb_dm.p815" configurationId="usbfs.usb_dm"/>
      <configSetting altId="usbfs.usb_dp.p814" configurationId="usbfs.usb_dp"/>
    </pincfg>
  </raPinConfiguration>
</raConfiguration>
